CREATE TABLE IF NOT EXISTS methods (
id INTEGER PRIMARY KEY AUTOINCREMENT, 
method_name TEXT NOT NULL, 
param_x1 TEXT NOT NULL, 
param_y1 TEXT NOT NULL,
param_x2 TEXT, 
param_y2 TEXT,
is_x1_on_log_scale INTEGER NOT NULL,
is_y1_on_log_scale INTEGER NOT NULL,
is_x2_on_log_scale INTEGER,
is_y2_on_log_scale INTEGER
);

CREATE TABLE IF NOT EXISTS zone_names (
id INTEGER PRIMARY KEY AUTOINCREMENT, 
zone_no TEXT,
description TEXT NOT NULL,
USCS TEXT NOT NULL,
method_name TEXT REFERENCES methods(method_name)
);

CREATE TABLE IF NOT EXISTS zone_definitions (
id INTEGER PRIMARY KEY AUTOINCREMENT, 
graph INTEGER NOT NULL,
zone_no TEXT NOT NULL REFERENCES zone_names(zone_no),
x REAL NOT NULL,
y REAL NOT NULL,
method_name TEXT REFERENCES methods(method_name)
);

INSERT INTO
  methods (method_name, param_x1, param_y1, param_x2, param_y2, is_x1_on_log_scale, is_y1_on_log_scale, is_x2_on_log_scale, is_y2_on_log_scale)
VALUES
  ('Eslami Fellenius', 'fs', 'qE', NULL, NULL, 1, 1, NULL, NULL),
  ('Robertson et al 1986', 'Bq', 'qt', 'Rf', 'qt', 0, 1, 0, 1),
  ('Robertson et al 1986 (nonpiezo)', 'Rf', 'qt', NULL, NULL, 0, 1, NULL, NULL),
  ('Robertson 1990', 'Fr', 'Qt', 'Bq', 'Qt', 1, 1, 0, 1);

INSERT INTO
  zone_names (zone_no, description, USCS, method_name)
VALUES
  ('1', 'Sensitive and Collapsible Clay and/or Silt', 'CH', 'Eslami Fellenius'),
  ('2', 'Clay and/or Silt', 'CH', 'Eslami Fellenius'),
  ('3', 'Silty Clay and/or Clayey Silt', 'CH', 'Eslami Fellenius'),
  ('4', 'Sandy Silt and/or Silty Sand', 'ML,SM', 'Eslami Fellenius'),
  ('5', 'Sand and/or Sandy Gravel', 'SP,SW', 'Eslami Fellenius'),
  ('1', 'Sensitive fine grained material', 'CH,MH', 'Robertson et al 1986'),
  ('2', 'Organic material', 'OH', 'Robertson et al 1986'),
  ('3', 'Clay', 'CH', 'Robertson et al 1986'),
  ('4', 'Silty clay to clay', 'CH', 'Robertson et al 1986'),
  ('5', 'Clayey silt to silty clay', 'MH,CH', 'Robertson et al 1986'),
  ('6', 'Sandy silt to clayey silt', 'ML,MH', 'Robertson et al 1986'),
  ('7', 'Silty sand to sandy silt', 'SM,ML', 'Robertson et al 1986'),
  ('8', 'Sand to silty sand', 'SP,SM', 'Robertson et al 1986'),
  ('9', 'Sand', 'SP,SW', 'Robertson et al 1986'),
  ('10', 'Gravelly sand to sand', 'SW,SP', 'Robertson et al 1986'),
  ('11', 'Very stiff fine grained', 'CH,MH', 'Robertson et al 1986'),
  ('12', 'Sand to clayey sand', 'SP,SC', 'Robertson et al 1986'),
  ('9,10,11,12', 'Zone 9,10,11,12', '', 'Robertson et al 1986'),
  ('1', 'Sensitive fine grained material', 'CH,MH', 'Robertson et al 1986 (nonpiezo)'),
  ('2', 'Organic material', 'OH', 'Robertson et al 1986 (nonpiezo)'),
  ('3', 'Clay', 'CH', 'Robertson et al 1986 (nonpiezo)'),
  ('4', 'Silty clay to clay', 'CH', 'Robertson et al 1986 (nonpiezo)'),
  ('5', 'Clayey silt to silty clay', 'MH,CH', 'Robertson et al 1986 (nonpiezo)'),
  ('6', 'Sandy silt to clayey silt', 'ML,MH', 'Robertson et al 1986 (nonpiezo)'),
  ('7', 'Silty sand to sandy silt', 'SM,ML', 'Robertson et al 1986 (nonpiezo)'),
  ('8', 'Sand to silty sand', 'SP,SM', 'Robertson et al 1986 (nonpiezo)'),
  ('9', 'Sand', 'SP,SW', 'Robertson et al 1986 (nonpiezo)'),
  ('10', 'Gravelly sand to sand', 'SW,SP', 'Robertson et al 1986 (nonpiezo)'),
  ('11', 'Very stiff fine grained', 'CH,MH', 'Robertson et al 1986 (nonpiezo)'),
  ('12', 'Sand to clayey sand', 'SP,SC', 'Robertson et al 1986 (nonpiezo)'),
  ('1', 'Sensitive, fine grained', 'CH,MH', 'Robertson 1990'),
  ('2', 'Organic soil - peats', 'OH', 'Robertson 1990'),
  ('3', 'Clays - clay to silty clay', 'CH', 'Robertson 1990'),
  ('4', 'Silt mixtures - clayey silt to silty clay', 'CH,MH', 'Robertson 1990'),
  ('5', 'Sand mixtures - silty sand to sandy silt', 'SM', 'Robertson 1990'),
  ('6', 'Sands - clean sand to silty sand', 'SP,SM', 'Robertson 1990'),
  ('7', 'Gravelly sand to sand', 'SP,SW', 'Robertson 1990'),
  ('8', 'Very stiff sand to clayey sand', 'SP,SC', 'Robertson 1990'),
  ('9', 'Very stiff fine grained', 'CH,MH', 'Robertson 1990');

INSERT INTO
  zone_definitions (graph, zone_no, x, y, method_name)
VALUES
  (1, '1', 1, 0.1, 'Eslami Fellenius'),
  (1, '1', 1, 1, 'Eslami Fellenius'),
  (1, '1', 12, 1, 'Eslami Fellenius'),
  (1, '1', 12, 0.1, 'Eslami Fellenius'),
  (1, '1', 1, 0.1, 'Eslami Fellenius'),
  (1, '2', 12, 0.1, 'Eslami Fellenius'),
  (1, '2', 1000, 0.1, 'Eslami Fellenius'),
  (1, '2', 1000, 3, 'Eslami Fellenius'),
  (1, '2', 12, 1, 'Eslami Fellenius'),
  (1, '2', 12, 0.1, 'Eslami Fellenius'),
  (1, '3', 7.8, 1, 'Eslami Fellenius'),
  (1, '3', 12, 1, 'Eslami Fellenius'),
  (1, '3', 1000, 3, 'Eslami Fellenius'),
  (1, '3', 1000, 10, 'Eslami Fellenius'),
  (1, '3', 7.8, 1, 'Eslami Fellenius'),
  (1, '4', 1, 1, 'Eslami Fellenius'),
  (1, '4', 7.8, 1, 'Eslami Fellenius'),
  (1, '4', 1000, 10, 'Eslami Fellenius'),
  (1, '4', 1000, 30, 'Eslami Fellenius'),
  (1, '4', 1, 1, 'Eslami Fellenius'),
  (1, '5', 1, 1, 'Eslami Fellenius'),
  (1, '5', 1000, 30, 'Eslami Fellenius'),
  (1, '5', 1000, 100, 'Eslami Fellenius'),
  (1, '5', 1, 100, 'Eslami Fellenius'),
  (1, '5', 1, 1, 'Eslami Fellenius'),

  (1, '1', 0.8, 0.1, 'Robertson et al 1986'),
  (1, '1', 1.327, 1.059253725, 'Robertson et al 1986'),
  (1, '1', 1.4, 0.903649474, 'Robertson et al 1986'),
  (1, '1', 1.4, 0.1, 'Robertson et al 1986'),
  (1, '1', 0.8, 0.1, 'Robertson et al 1986'),
  (1, '2', 0.8, 0.1, 'Robertson et al 1986'),
  (1, '2', 0.532, 0.193, 'Robertson et al 1986'),
  (1, '2', 0.23, 0.1, 'Robertson et al 1986'),
  (1, '2', 0.8, 0.1, 'Robertson et al 1986'),
  (1, '3', 0.8, 0.1, 'Robertson et al 1986'),
  (1, '3', 0.532, 0.193, 'Robertson et al 1986'),
  (1, '3', 0.23, 0.1, 'Robertson et al 1986'),
  (1, '3', 0.195, 0.1, 'Robertson et al 1986'),
  (1, '3', -0.086, 0.31, 'Robertson et al 1986'),
  (1, '3', -0.082, 0.402717034, 'Robertson et al 1986'),
  (1, '3', 0, 0.32, 'Robertson et al 1986'),
  (1, '3', 0.74, 3.35, 'Robertson et al 1986'),
  (1, '3', 1.327, 1.059253725, 'Robertson et al 1986'),
  (1, '3', 0.8, 0.1, 'Robertson et al 1986'),
  (1, '4', 0, 0.32, 'Robertson et al 1986'),
  (1, '4', -0.082, 0.402717034, 'Robertson et al 1986'),
  (1, '4', -0.077, 0.64, 'Robertson et al 1986'),
  (1, '4', 0, 0.52, 'Robertson et al 1986'),
  (1, '4', 0.46, 5.7, 'Robertson et al 1986'),
  (1, '4', 0.74, 3.35, 'Robertson et al 1986'),
  (1, '4', 0, 0.32, 'Robertson et al 1986'),
  (1, '5', 0.46, 5.7, 'Robertson et al 1986'),
  (1, '5', 0, 0.52, 'Robertson et al 1986'),
  (1, '5', -0.077, 0.64, 'Robertson et al 1986'),
  (1, '5', -0.07, 1.1, 'Robertson et al 1986'),
  (1, '5', 0, 0.9, 'Robertson et al 1986'),
  (1, '5', 0.274, 8, 'Robertson et al 1986'),
  (1, '5', 0.46, 5.7, 'Robertson et al 1986'),
  (1, '6', 0.274, 8, 'Robertson et al 1986'),
  (1, '6', 0, 0.9, 'Robertson et al 1986'),
  (1, '6', -0.07, 1.1, 'Robertson et al 1986'),
  (1, '6', -0.064, 2.2, 'Robertson et al 1986'),
  (1, '6', 0, 1.790605854, 'Robertson et al 1986'),
  (1, '6', 0.2, 11, 'Robertson et al 1986'),
  (1, '6', 0.213, 9, 'Robertson et al 1986'),
  (1, '6', 0.274, 8, 'Robertson et al 1986'),
  (1, '7', 0.2, 11, 'Robertson et al 1986'),
  (1, '7', 0, 1.790605854, 'Robertson et al 1986'),
  (1, '7', -0.064, 2.2, 'Robertson et al 1986'),
  (1, '7', -0.055, 4, 'Robertson et al 1986'),
  (1, '7', 0, 3.427677865, 'Robertson et al 1986'),
  (1, '7', 0.14, 19.27524913, 'Robertson et al 1986'),
  (1, '7', 0.2, 11, 'Robertson et al 1986'),
  (1, '8', 0.14, 19.27524913, 'Robertson et al 1986'),
  (1, '8', 0, 3.427677865, 'Robertson et al 1986'),
  (1, '8', -0.055, 4, 'Robertson et al 1986'),
  (1, '8', -0.047, 8.5, 'Robertson et al 1986'),
  (1, '8', 0, 7.5, 'Robertson et al 1986'),
  (1, '8', 0.09, 29, 'Robertson et al 1986'),
  (1, '8', 0.14, 19.27524913, 'Robertson et al 1986'),
  (1, '9', 0.09, 29, 'Robertson et al 1986'),
  (1, '9', 0, 7.5, 'Robertson et al 1986'),
  (1, '9', 0, 23.6, 'Robertson et al 1986'),
  (1, '9', 0.05, 45.5, 'Robertson et al 1986'),
  (1, '9', 0.09, 29, 'Robertson et al 1986'),
  (1, '10', 0.05, 45.5, 'Robertson et al 1986'),
  (1, '10', 0, 23.6, 'Robertson et al 1986'),
  (1, '10', 0, 100, 'Robertson et al 1986'),
  (1, '10', 0.05, 100, 'Robertson et al 1986'),
  (1, '10', 0.05, 45.5, 'Robertson et al 1986'),
  (1, '9,10,11,12', 0, 7.5, 'Robertson et al 1986'),
  (1, '9,10,11,12', -0.047, 8.5, 'Robertson et al 1986'),
  (1, '9,10,11,12', -0.029, 25.2, 'Robertson et al 1986'),
  (1, '9,10,11,12', -0.029, 100, 'Robertson et al 1986'),
  (1, '9,10,11,12', 0, 100, 'Robertson et al 1986'),
  (1, '9,10,11,12', 0, 7.5, 'Robertson et al 1986'),

  (2, '1', 0, 0.1, 'Robertson et al 1986'),
  (2, '1', 2.6, 0.123, 'Robertson et al 1986'),
  (2, '1', 2.5, 0.16, 'Robertson et al 1986'),
  (2, '1', 2.4, 0.2, 'Robertson et al 1986'),
  (2, '1', 2.3, 0.24, 'Robertson et al 1986'),
  (2, '1', 2.22, 0.28, 'Robertson et al 1986'),
  (2, '1', 1.95, 0.41, 'Robertson et al 1986'),
  (2, '1', 1.75, 0.5, 'Robertson et al 1986'),
  (2, '1', 1.54, 0.59, 'Robertson et al 1986'),
  (2, '1', 1.2, 0.735, 'Robertson et al 1986'),
  (2, '1', 0.75, 0.89, 'Robertson et al 1986'),
  (2, '1', 0.375, 0.97, 'Robertson et al 1986'),
  (2, '1', 0.2, 1, 'Robertson et al 1986'),
  (2, '1', 0, 1, 'Robertson et al 1986'),
  (2, '1', 0, 0.1, 'Robertson et al 1986'),
  (2, '2', 0, 0.1, 'Robertson et al 1986'),
  (2, '2', 2.6, 0.123, 'Robertson et al 1986'),
  (2, '2', 4.01, 0.136, 'Robertson et al 1986'),
  (2, '2', 8, 0.49, 'Robertson et al 1986'),
  (2, '2', 8, 0.1, 'Robertson et al 1986'),
  (2, '2', 0, 0.1, 'Robertson et al 1986'),
  (2, '3', 2.6, 0.123, 'Robertson et al 1986'),
  (2, '3', 2.5, 0.16, 'Robertson et al 1986'),
  (2, '3', 2.4, 0.2, 'Robertson et al 1986'),
  (2, '3', 2.3, 0.24, 'Robertson et al 1986'),
  (2, '3', 2.22, 0.28, 'Robertson et al 1986'),
  (2, '3', 1.95, 0.41, 'Robertson et al 1986'),
  (2, '3', 2.3, 0.472, 'Robertson et al 1986'),
  (2, '3', 2.7, 0.565, 'Robertson et al 1986'),
  (2, '3', 3.1, 0.72, 'Robertson et al 1986'),
  (2, '3', 3.6, 1, 'Robertson et al 1986'),
  (2, '3', 4, 1.38, 'Robertson et al 1986'),
  (2, '3', 4.3, 1.8, 'Robertson et al 1986'),
  (2, '3', 4.5, 2.2, 'Robertson et al 1986'),
  (2, '3', 4.7, 2.73, 'Robertson et al 1986'),
  (2, '3', 4.83, 3.2, 'Robertson et al 1986'),
  (2, '3', 4.99, 3.95, 'Robertson et al 1986'),
  (2, '3', 5.1, 4.6, 'Robertson et al 1986'),
  (2, '3', 5.22, 5.5, 'Robertson et al 1986'),
  (2, '3', 8, 5.5, 'Robertson et al 1986'),
  (2, '3', 8, 0.49, 'Robertson et al 1986'),
  (2, '3', 4.01, 0.136, 'Robertson et al 1986'),
  (2, '3', 2.6, 0.123, 'Robertson et al 1986'),
  (2, '4', 5.22, 5.5, 'Robertson et al 1986'),
  (2, '4', 5.1, 4.6, 'Robertson et al 1986'),
  (2, '4', 4.99, 3.95, 'Robertson et al 1986'),
  (2, '4', 4.83, 3.2, 'Robertson et al 1986'),
  (2, '4', 4.7, 2.73, 'Robertson et al 1986'),
  (2, '4', 4.5, 2.2, 'Robertson et al 1986'),
  (2, '4', 4.3, 1.8, 'Robertson et al 1986'),
  (2, '4', 4, 1.38, 'Robertson et al 1986'),
  (2, '4', 3.6, 1, 'Robertson et al 1986'),
  (2, '4', 3.1, 0.72, 'Robertson et al 1986'),
  (2, '4', 2.7, 0.565, 'Robertson et al 1986'),
  (2, '4', 2.3, 0.472, 'Robertson et al 1986'),
  (2, '4', 1.95, 0.41, 'Robertson et al 1986'),
  (2, '4', 1.75, 0.5, 'Robertson et al 1986'),
  (2, '4', 1.54, 0.59, 'Robertson et al 1986'),
  (2, '4', 2, 0.715, 'Robertson et al 1986'),
  (2, '4', 2.4, 0.855, 'Robertson et al 1986'),
  (2, '4', 2.8, 1.07, 'Robertson et al 1986'),
  (2, '4', 3.18, 1.43, 'Robertson et al 1986'),
  (2, '4', 3.6, 2.03, 'Robertson et al 1986'),
  (2, '4', 3.8, 2.46, 'Robertson et al 1986'),
  (2, '4', 4, 3.05, 'Robertson et al 1986'),
  (2, '4', 4.2, 3.85, 'Robertson et al 1986'),
  (2, '4', 4.4, 5, 'Robertson et al 1986'),
  (2, '4', 4.6, 6.7, 'Robertson et al 1986'),
  (2, '4', 4.63, 7, 'Robertson et al 1986'),
  (2, '4', 4.92, 5.5, 'Robertson et al 1986'),
  (2, '4', 5.22, 5.5, 'Robertson et al 1986'),
  (2, '5', 4.63, 7, 'Robertson et al 1986'),
  (2, '5', 4.6, 6.7, 'Robertson et al 1986'),
  (2, '5', 4.4, 5, 'Robertson et al 1986'),
  (2, '5', 4.2, 3.85, 'Robertson et al 1986'),
  (2, '5', 4, 3.05, 'Robertson et al 1986'),
  (2, '5', 3.8, 2.46, 'Robertson et al 1986'),
  (2, '5', 3.6, 2.03, 'Robertson et al 1986'),
  (2, '5', 3.18, 1.43, 'Robertson et al 1986'),
  (2, '5', 2.8, 1.07, 'Robertson et al 1986'),
  (2, '5', 2.4, 0.855, 'Robertson et al 1986'),
  (2, '5', 2, 0.715, 'Robertson et al 1986'),
  (2, '5', 1.54, 0.59, 'Robertson et al 1986'),
  (2, '5', 1.2, 0.735, 'Robertson et al 1986'),
  (2, '5', 0.75, 0.89, 'Robertson et al 1986'),
  (2, '5', 1.2, 1.11, 'Robertson et al 1986'),
  (2, '5', 1.8, 1.49, 'Robertson et al 1986'),
  (2, '5', 2.2, 1.9, 'Robertson et al 1986'),
  (2, '5', 2.5, 2.3, 'Robertson et al 1986'),
  (2, '5', 2.76, 2.81, 'Robertson et al 1986'),
  (2, '5', 3, 3.45, 'Robertson et al 1986'),
  (2, '5', 3.25, 4.35, 'Robertson et al 1986'),
  (2, '5', 3.5, 5.87, 'Robertson et al 1986'),
  (2, '5', 3.74, 8.18, 'Robertson et al 1986'),
  (2, '5', 3.93, 11.7, 'Robertson et al 1986'),
  (2, '5', 4.63, 7, 'Robertson et al 1986'),
  (2, '6', 3.93, 11.7, 'Robertson et al 1986'),
  (2, '6', 3.74, 8.18, 'Robertson et al 1986'),
  (2, '6', 3.5, 5.87, 'Robertson et al 1986'),
  (2, '6', 3.25, 4.35, 'Robertson et al 1986'),
  (2, '6', 3, 3.45, 'Robertson et al 1986'),
  (2, '6', 2.76, 2.81, 'Robertson et al 1986'),
  (2, '6', 2.5, 2.3, 'Robertson et al 1986'),
  (2, '6', 2.2, 1.9, 'Robertson et al 1986'),
  (2, '6', 1.8, 1.49, 'Robertson et al 1986'),
  (2, '6', 1.2, 1.11, 'Robertson et al 1986'),
  (2, '6', 0.75, 0.89, 'Robertson et al 1986'),
  (2, '6', 0.375, 0.97, 'Robertson et al 1986'),
  (2, '6', 0.2, 1, 'Robertson et al 1986'),
  (2, '6', 0, 1, 'Robertson et al 1986'),
  (2, '6', 0, 1.49, 'Robertson et al 1986'),
  (2, '6', 0.2, 1.57, 'Robertson et al 1986'),
  (2, '6', 0.4, 1.67, 'Robertson et al 1986'),
  (2, '6', 0.7, 1.92, 'Robertson et al 1986'),
  (2, '6', 1, 2.25, 'Robertson et al 1986'),
  (2, '6', 1.3, 2.7, 'Robertson et al 1986'),
  (2, '6', 1.6, 3.38, 'Robertson et al 1986'),
  (2, '6', 1.9, 4.3, 'Robertson et al 1986'),
  (2, '6', 2.2, 5.75, 'Robertson et al 1986'),
  (2, '6', 2.5, 7.75, 'Robertson et al 1986'),
  (2, '6', 2.8, 10.8, 'Robertson et al 1986'),
  (2, '6', 3.1, 15.5, 'Robertson et al 1986'),
  (2, '6', 3.26, 19.3, 'Robertson et al 1986'),
  (2, '6', 3.93, 11.7, 'Robertson et al 1986'),
  (2, '7', 3.26, 19.3, 'Robertson et al 1986'),
  (2, '7', 3.1, 15.5, 'Robertson et al 1986'),
  (2, '7', 2.8, 10.8, 'Robertson et al 1986'),
  (2, '7', 2.5, 7.75, 'Robertson et al 1986'),
  (2, '7', 2.2, 5.75, 'Robertson et al 1986'),
  (2, '7', 1.9, 4.3, 'Robertson et al 1986'),
  (2, '7', 1.6, 3.38, 'Robertson et al 1986'),
  (2, '7', 1.3, 2.7, 'Robertson et al 1986'),
  (2, '7', 1, 2.25, 'Robertson et al 1986'),
  (2, '7', 0.7, 1.92, 'Robertson et al 1986'),
  (2, '7', 0.4, 1.67, 'Robertson et al 1986'),
  (2, '7', 0.2, 1.57, 'Robertson et al 1986'),
  (2, '7', 0, 1.49, 'Robertson et al 1986'),
  (2, '7', 0, 3.1, 'Robertson et al 1986'),
  (2, '7', 0.3, 3.55, 'Robertson et al 1986'),
  (2, '7', 0.6, 4.2, 'Robertson et al 1986'),
  (2, '7', 0.9, 5.05, 'Robertson et al 1986'),
  (2, '7', 1.2, 6.5, 'Robertson et al 1986'),
  (2, '7', 1.5, 8.8, 'Robertson et al 1986'),
  (2, '7', 1.7, 11, 'Robertson et al 1986'),
  (2, '7', 1.9, 14.4, 'Robertson et al 1986'),
  (2, '7', 2.1, 19, 'Robertson et al 1986'),
  (2, '7', 2.3, 27, 'Robertson et al 1986'),
  (2, '7', 2.4, 32, 'Robertson et al 1986'),
  (2, '7', 2.44, 34.6, 'Robertson et al 1986'),
  (2, '7', 3.26, 19.3, 'Robertson et al 1986'),
  (2, '8', 2.44, 34.6, 'Robertson et al 1986'),
  (2, '8', 2.4, 32, 'Robertson et al 1986'),
  (2, '8', 2.3, 27, 'Robertson et al 1986'),
  (2, '8', 2.1, 19, 'Robertson et al 1986'),
  (2, '8', 1.9, 14.4, 'Robertson et al 1986'),
  (2, '8', 1.7, 11, 'Robertson et al 1986'),
  (2, '8', 1.5, 8.8, 'Robertson et al 1986'),
  (2, '8', 1.2, 6.5, 'Robertson et al 1986'),
  (2, '8', 0.9, 5.05, 'Robertson et al 1986'),
  (2, '8', 0.6, 4.2, 'Robertson et al 1986'),
  (2, '8', 0.3, 3.55, 'Robertson et al 1986'),
  (2, '8', 0, 3.1, 'Robertson et al 1986'),
  (2, '8', 0, 7, 'Robertson et al 1986'),
  (2, '8', 0.2, 7.7, 'Robertson et al 1986'),
  (2, '8', 0.4, 8.4, 'Robertson et al 1986'),
  (2, '8', 0.6, 9.4, 'Robertson et al 1986'),
  (2, '8', 0.8, 10.8, 'Robertson et al 1986'),
  (2, '8', 1, 13, 'Robertson et al 1986'),
  (2, '8', 1.2, 16.5, 'Robertson et al 1986'),
  (2, '8', 1.4, 22.3, 'Robertson et al 1986'),
  (2, '8', 1.6, 35, 'Robertson et al 1986'),
  (2, '8', 1.75, 59, 'Robertson et al 1986'),
  (2, '8', 1.82, 90, 'Robertson et al 1986'),
  (2, '8', 1.85, 80, 'Robertson et al 1986'),
  (2, '8', 1.88, 70, 'Robertson et al 1986'),
  (2, '8', 1.93, 60, 'Robertson et al 1986'),
  (2, '8', 2.02, 50, 'Robertson et al 1986'),
  (2, '8', 2.13, 44, 'Robertson et al 1986'),
  (2, '8', 2.2, 41, 'Robertson et al 1986'),
  (2, '8', 2.44, 34.6, 'Robertson et al 1986'),
  (2, '9', 1.82, 100, 'Robertson et al 1986'),
  (2, '9', 1.82, 90, 'Robertson et al 1986'),
  (2, '9', 1.75, 59, 'Robertson et al 1986'),
  (2, '9', 1.6, 35, 'Robertson et al 1986'),
  (2, '9', 1.4, 22.3, 'Robertson et al 1986'),
  (2, '9', 1.2, 16.5, 'Robertson et al 1986'),
  (2, '9', 1, 13, 'Robertson et al 1986'),
  (2, '9', 0.8, 10.8, 'Robertson et al 1986'),
  (2, '9', 0.6, 9.4, 'Robertson et al 1986'),
  (2, '9', 0.4, 8.4, 'Robertson et al 1986'),
  (2, '9', 0.2, 7.7, 'Robertson et al 1986'),
  (2, '9', 0, 7, 'Robertson et al 1986'),
  (2, '9', 0, 17.6, 'Robertson et al 1986'),
  (2, '9', 0.2, 19.6, 'Robertson et al 1986'),
  (2, '9', 0.35, 21.5, 'Robertson et al 1986'),
  (2, '9', 0.5, 24, 'Robertson et al 1986'),
  (2, '9', 0.65, 28, 'Robertson et al 1986'),
  (2, '9', 0.8, 34, 'Robertson et al 1986'),
  (2, '9', 1, 47, 'Robertson et al 1986'),
  (2, '9', 1.1, 60, 'Robertson et al 1986'),
  (2, '9', 1.2, 85, 'Robertson et al 1986'),
  (2, '9', 1.23, 95, 'Robertson et al 1986'),
  (2, '9', 1.236, 100, 'Robertson et al 1986'),
  (2, '9', 1.82, 100, 'Robertson et al 1986'),
  (2, '10', 1.236, 100, 'Robertson et al 1986'),
  (2, '10', 1.23, 95, 'Robertson et al 1986'),
  (2, '10', 1.2, 85, 'Robertson et al 1986'),
  (2, '10', 1.1, 60, 'Robertson et al 1986'),
  (2, '10', 1, 47, 'Robertson et al 1986'),
  (2, '10', 0.8, 34, 'Robertson et al 1986'),
  (2, '10', 0.65, 28, 'Robertson et al 1986'),
  (2, '10', 0.5, 24, 'Robertson et al 1986'),
  (2, '10', 0.35, 21.5, 'Robertson et al 1986'),
  (2, '10', 0.2, 19.6, 'Robertson et al 1986'),
  (2, '10', 0, 17.6, 'Robertson et al 1986'),
  (2, '10', 0, 100, 'Robertson et al 1986'),
  (2, '10', 1.236, 100, 'Robertson et al 1986'),
  (2, '11', 8, 5.5, 'Robertson et al 1986'),
  (2, '11', 4.92, 5.5, 'Robertson et al 1986'),
  (2, '11', 4.63, 7, 'Robertson et al 1986'),
  (2, '11', 3.93, 11.7, 'Robertson et al 1986'),
  (2, '11', 4.62, 47.5, 'Robertson et al 1986'),
  (2, '11', 4.72, 100, 'Robertson et al 1986'),
  (2, '11', 8, 100, 'Robertson et al 1986'),
  (2, '11', 8, 5.5, 'Robertson et al 1986'),
  (2, '12', 4.72, 100, 'Robertson et al 1986'),
  (2, '12', 4.62, 47.5, 'Robertson et al 1986'),
  (2, '12', 3.93, 11.7, 'Robertson et al 1986'),
  (2, '12', 3.26, 19.3, 'Robertson et al 1986'),
  (2, '12', 2.44, 34.6, 'Robertson et al 1986'),
  (2, '12', 2.2, 41, 'Robertson et al 1986'),
  (2, '12', 2.13, 44, 'Robertson et al 1986'),
  (2, '12', 2.02, 50, 'Robertson et al 1986'),
  (2, '12', 1.93, 60, 'Robertson et al 1986'),
  (2, '12', 1.88, 70, 'Robertson et al 1986'),
  (2, '12', 1.85, 80, 'Robertson et al 1986'),
  (2, '12', 1.82, 90, 'Robertson et al 1986'),
  (2, '12', 1.82, 100, 'Robertson et al 1986'),
  (2, '12', 4.72, 100, 'Robertson et al 1986'),

  (1, '1', 0, 0.1, 'Robertson et al 1986 (nonpiezo)'),
  (1, '1', 2.6, 0.123, 'Robertson et al 1986 (nonpiezo)'),
  (1, '1', 2.5, 0.16, 'Robertson et al 1986 (nonpiezo)'),
  (1, '1', 2.4, 0.2, 'Robertson et al 1986 (nonpiezo)'),
  (1, '1', 2.3, 0.24, 'Robertson et al 1986 (nonpiezo)'),
  (1, '1', 2.22, 0.28, 'Robertson et al 1986 (nonpiezo)'),
  (1, '1', 1.95, 0.41, 'Robertson et al 1986 (nonpiezo)'),
  (1, '1', 1.75, 0.5, 'Robertson et al 1986 (nonpiezo)'),
  (1, '1', 1.54, 0.59, 'Robertson et al 1986 (nonpiezo)'),
  (1, '1', 1.2, 0.735, 'Robertson et al 1986 (nonpiezo)'),
  (1, '1', 0.75, 0.89, 'Robertson et al 1986 (nonpiezo)'),
  (1, '1', 0.375, 0.97, 'Robertson et al 1986 (nonpiezo)'),
  (1, '1', 0.2, 1, 'Robertson et al 1986 (nonpiezo)'),
  (1, '1', 0, 1, 'Robertson et al 1986 (nonpiezo)'),
  (1, '1', 0, 0.1, 'Robertson et al 1986 (nonpiezo)'),
  (1, '2', 0, 0.1, 'Robertson et al 1986 (nonpiezo)'),
  (1, '2', 2.6, 0.123, 'Robertson et al 1986 (nonpiezo)'),
  (1, '2', 4.01, 0.136, 'Robertson et al 1986 (nonpiezo)'),
  (1, '2', 8, 0.49, 'Robertson et al 1986 (nonpiezo)'),
  (1, '2', 8, 0.1, 'Robertson et al 1986 (nonpiezo)'),
  (1, '2', 0, 0.1, 'Robertson et al 1986 (nonpiezo)'),
  (1, '3', 2.6, 0.123, 'Robertson et al 1986 (nonpiezo)'),
  (1, '3', 2.5, 0.16, 'Robertson et al 1986 (nonpiezo)'),
  (1, '3', 2.4, 0.2, 'Robertson et al 1986 (nonpiezo)'),
  (1, '3', 2.3, 0.24, 'Robertson et al 1986 (nonpiezo)'),
  (1, '3', 2.22, 0.28, 'Robertson et al 1986 (nonpiezo)'),
  (1, '3', 1.95, 0.41, 'Robertson et al 1986 (nonpiezo)'),
  (1, '3', 2.3, 0.472, 'Robertson et al 1986 (nonpiezo)'),
  (1, '3', 2.7, 0.565, 'Robertson et al 1986 (nonpiezo)'),
  (1, '3', 3.1, 0.72, 'Robertson et al 1986 (nonpiezo)'),
  (1, '3', 3.6, 1, 'Robertson et al 1986 (nonpiezo)'),
  (1, '3', 4, 1.38, 'Robertson et al 1986 (nonpiezo)'),
  (1, '3', 4.3, 1.8, 'Robertson et al 1986 (nonpiezo)'),
  (1, '3', 4.5, 2.2, 'Robertson et al 1986 (nonpiezo)'),
  (1, '3', 4.7, 2.73, 'Robertson et al 1986 (nonpiezo)'),
  (1, '3', 4.83, 3.2, 'Robertson et al 1986 (nonpiezo)'),
  (1, '3', 4.99, 3.95, 'Robertson et al 1986 (nonpiezo)'),
  (1, '3', 5.1, 4.6, 'Robertson et al 1986 (nonpiezo)'),
  (1, '3', 5.22, 5.5, 'Robertson et al 1986 (nonpiezo)'),
  (1, '3', 8, 5.5, 'Robertson et al 1986 (nonpiezo)'),
  (1, '3', 8, 0.49, 'Robertson et al 1986 (nonpiezo)'),
  (1, '3', 4.01, 0.136, 'Robertson et al 1986 (nonpiezo)'),
  (1, '3', 2.6, 0.123, 'Robertson et al 1986 (nonpiezo)'),
  (1, '4', 5.22, 5.5, 'Robertson et al 1986 (nonpiezo)'),
  (1, '4', 5.1, 4.6, 'Robertson et al 1986 (nonpiezo)'),
  (1, '4', 4.99, 3.95, 'Robertson et al 1986 (nonpiezo)'),
  (1, '4', 4.83, 3.2, 'Robertson et al 1986 (nonpiezo)'),
  (1, '4', 4.7, 2.73, 'Robertson et al 1986 (nonpiezo)'),
  (1, '4', 4.5, 2.2, 'Robertson et al 1986 (nonpiezo)'),
  (1, '4', 4.3, 1.8, 'Robertson et al 1986 (nonpiezo)'),
  (1, '4', 4, 1.38, 'Robertson et al 1986 (nonpiezo)'),
  (1, '4', 3.6, 1, 'Robertson et al 1986 (nonpiezo)'),
  (1, '4', 3.1, 0.72, 'Robertson et al 1986 (nonpiezo)'),
  (1, '4', 2.7, 0.565, 'Robertson et al 1986 (nonpiezo)'),
  (1, '4', 2.3, 0.472, 'Robertson et al 1986 (nonpiezo)'),
  (1, '4', 1.95, 0.41, 'Robertson et al 1986 (nonpiezo)'),
  (1, '4', 1.75, 0.5, 'Robertson et al 1986 (nonpiezo)'),
  (1, '4', 1.54, 0.59, 'Robertson et al 1986 (nonpiezo)'),
  (1, '4', 2, 0.715, 'Robertson et al 1986 (nonpiezo)'),
  (1, '4', 2.4, 0.855, 'Robertson et al 1986 (nonpiezo)'),
  (1, '4', 2.8, 1.07, 'Robertson et al 1986 (nonpiezo)'),
  (1, '4', 3.18, 1.43, 'Robertson et al 1986 (nonpiezo)'),
  (1, '4', 3.6, 2.03, 'Robertson et al 1986 (nonpiezo)'),
  (1, '4', 3.8, 2.46, 'Robertson et al 1986 (nonpiezo)'),
  (1, '4', 4, 3.05, 'Robertson et al 1986 (nonpiezo)'),
  (1, '4', 4.2, 3.85, 'Robertson et al 1986 (nonpiezo)'),
  (1, '4', 4.4, 5, 'Robertson et al 1986 (nonpiezo)'),
  (1, '4', 4.6, 6.7, 'Robertson et al 1986 (nonpiezo)'),
  (1, '4', 4.63, 7, 'Robertson et al 1986 (nonpiezo)'),
  (1, '4', 4.92, 5.5, 'Robertson et al 1986 (nonpiezo)'),
  (1, '4', 5.22, 5.5, 'Robertson et al 1986 (nonpiezo)'),
  (1, '5', 4.63, 7, 'Robertson et al 1986 (nonpiezo)'),
  (1, '5', 4.6, 6.7, 'Robertson et al 1986 (nonpiezo)'),
  (1, '5', 4.4, 5, 'Robertson et al 1986 (nonpiezo)'),
  (1, '5', 4.2, 3.85, 'Robertson et al 1986 (nonpiezo)'),
  (1, '5', 4, 3.05, 'Robertson et al 1986 (nonpiezo)'),
  (1, '5', 3.8, 2.46, 'Robertson et al 1986 (nonpiezo)'),
  (1, '5', 3.6, 2.03, 'Robertson et al 1986 (nonpiezo)'),
  (1, '5', 3.18, 1.43, 'Robertson et al 1986 (nonpiezo)'),
  (1, '5', 2.8, 1.07, 'Robertson et al 1986 (nonpiezo)'),
  (1, '5', 2.4, 0.855, 'Robertson et al 1986 (nonpiezo)'),
  (1, '5', 2, 0.715, 'Robertson et al 1986 (nonpiezo)'),
  (1, '5', 1.54, 0.59, 'Robertson et al 1986 (nonpiezo)'),
  (1, '5', 1.2, 0.735, 'Robertson et al 1986 (nonpiezo)'),
  (1, '5', 0.75, 0.89, 'Robertson et al 1986 (nonpiezo)'),
  (1, '5', 1.2, 1.11, 'Robertson et al 1986 (nonpiezo)'),
  (1, '5', 1.8, 1.49, 'Robertson et al 1986 (nonpiezo)'),
  (1, '5', 2.2, 1.9, 'Robertson et al 1986 (nonpiezo)'),
  (1, '5', 2.5, 2.3, 'Robertson et al 1986 (nonpiezo)'),
  (1, '5', 2.76, 2.81, 'Robertson et al 1986 (nonpiezo)'),
  (1, '5', 3, 3.45, 'Robertson et al 1986 (nonpiezo)'),
  (1, '5', 3.25, 4.35, 'Robertson et al 1986 (nonpiezo)'),
  (1, '5', 3.5, 5.87, 'Robertson et al 1986 (nonpiezo)'),
  (1, '5', 3.74, 8.18, 'Robertson et al 1986 (nonpiezo)'),
  (1, '5', 3.93, 11.7, 'Robertson et al 1986 (nonpiezo)'),
  (1, '5', 4.63, 7, 'Robertson et al 1986 (nonpiezo)'),
  (1, '6', 3.93, 11.7, 'Robertson et al 1986 (nonpiezo)'),
  (1, '6', 3.74, 8.18, 'Robertson et al 1986 (nonpiezo)'),
  (1, '6', 3.5, 5.87, 'Robertson et al 1986 (nonpiezo)'),
  (1, '6', 3.25, 4.35, 'Robertson et al 1986 (nonpiezo)'),
  (1, '6', 3, 3.45, 'Robertson et al 1986 (nonpiezo)'),
  (1, '6', 2.76, 2.81, 'Robertson et al 1986 (nonpiezo)'),
  (1, '6', 2.5, 2.3, 'Robertson et al 1986 (nonpiezo)'),
  (1, '6', 2.2, 1.9, 'Robertson et al 1986 (nonpiezo)'),
  (1, '6', 1.8, 1.49, 'Robertson et al 1986 (nonpiezo)'),
  (1, '6', 1.2, 1.11, 'Robertson et al 1986 (nonpiezo)'),
  (1, '6', 0.75, 0.89, 'Robertson et al 1986 (nonpiezo)'),
  (1, '6', 0.375, 0.97, 'Robertson et al 1986 (nonpiezo)'),
  (1, '6', 0.2, 1, 'Robertson et al 1986 (nonpiezo)'),
  (1, '6', 0, 1, 'Robertson et al 1986 (nonpiezo)'),
  (1, '6', 0, 1.49, 'Robertson et al 1986 (nonpiezo)'),
  (1, '6', 0.2, 1.57, 'Robertson et al 1986 (nonpiezo)'),
  (1, '6', 0.4, 1.67, 'Robertson et al 1986 (nonpiezo)'),
  (1, '6', 0.7, 1.92, 'Robertson et al 1986 (nonpiezo)'),
  (1, '6', 1, 2.25, 'Robertson et al 1986 (nonpiezo)'),
  (1, '6', 1.3, 2.7, 'Robertson et al 1986 (nonpiezo)'),
  (1, '6', 1.6, 3.38, 'Robertson et al 1986 (nonpiezo)'),
  (1, '6', 1.9, 4.3, 'Robertson et al 1986 (nonpiezo)'),
  (1, '6', 2.2, 5.75, 'Robertson et al 1986 (nonpiezo)'),
  (1, '6', 2.5, 7.75, 'Robertson et al 1986 (nonpiezo)'),
  (1, '6', 2.8, 10.8, 'Robertson et al 1986 (nonpiezo)'),
  (1, '6', 3.1, 15.5, 'Robertson et al 1986 (nonpiezo)'),
  (1, '6', 3.26, 19.3, 'Robertson et al 1986 (nonpiezo)'),
  (1, '6', 3.93, 11.7, 'Robertson et al 1986 (nonpiezo)'),
  (1, '7', 3.26, 19.3, 'Robertson et al 1986 (nonpiezo)'),
  (1, '7', 3.1, 15.5, 'Robertson et al 1986 (nonpiezo)'),
  (1, '7', 2.8, 10.8, 'Robertson et al 1986 (nonpiezo)'),
  (1, '7', 2.5, 7.75, 'Robertson et al 1986 (nonpiezo)'),
  (1, '7', 2.2, 5.75, 'Robertson et al 1986 (nonpiezo)'),
  (1, '7', 1.9, 4.3, 'Robertson et al 1986 (nonpiezo)'),
  (1, '7', 1.6, 3.38, 'Robertson et al 1986 (nonpiezo)'),
  (1, '7', 1.3, 2.7, 'Robertson et al 1986 (nonpiezo)'),
  (1, '7', 1, 2.25, 'Robertson et al 1986 (nonpiezo)'),
  (1, '7', 0.7, 1.92, 'Robertson et al 1986 (nonpiezo)'),
  (1, '7', 0.4, 1.67, 'Robertson et al 1986 (nonpiezo)'),
  (1, '7', 0.2, 1.57, 'Robertson et al 1986 (nonpiezo)'),
  (1, '7', 0, 1.49, 'Robertson et al 1986 (nonpiezo)'),
  (1, '7', 0, 3.1, 'Robertson et al 1986 (nonpiezo)'),
  (1, '7', 0.3, 3.55, 'Robertson et al 1986 (nonpiezo)'),
  (1, '7', 0.6, 4.2, 'Robertson et al 1986 (nonpiezo)'),
  (1, '7', 0.9, 5.05, 'Robertson et al 1986 (nonpiezo)'),
  (1, '7', 1.2, 6.5, 'Robertson et al 1986 (nonpiezo)'),
  (1, '7', 1.5, 8.8, 'Robertson et al 1986 (nonpiezo)'),
  (1, '7', 1.7, 11, 'Robertson et al 1986 (nonpiezo)'),
  (1, '7', 1.9, 14.4, 'Robertson et al 1986 (nonpiezo)'),
  (1, '7', 2.1, 19, 'Robertson et al 1986 (nonpiezo)'),
  (1, '7', 2.3, 27, 'Robertson et al 1986 (nonpiezo)'),
  (1, '7', 2.4, 32, 'Robertson et al 1986 (nonpiezo)'),
  (1, '7', 2.44, 34.6, 'Robertson et al 1986 (nonpiezo)'),
  (1, '7', 3.26, 19.3, 'Robertson et al 1986 (nonpiezo)'),
  (1, '8', 2.44, 34.6, 'Robertson et al 1986 (nonpiezo)'),
  (1, '8', 2.4, 32, 'Robertson et al 1986 (nonpiezo)'),
  (1, '8', 2.3, 27, 'Robertson et al 1986 (nonpiezo)'),
  (1, '8', 2.1, 19, 'Robertson et al 1986 (nonpiezo)'),
  (1, '8', 1.9, 14.4, 'Robertson et al 1986 (nonpiezo)'),
  (1, '8', 1.7, 11, 'Robertson et al 1986 (nonpiezo)'),
  (1, '8', 1.5, 8.8, 'Robertson et al 1986 (nonpiezo)'),
  (1, '8', 1.2, 6.5, 'Robertson et al 1986 (nonpiezo)'),
  (1, '8', 0.9, 5.05, 'Robertson et al 1986 (nonpiezo)'),
  (1, '8', 0.6, 4.2, 'Robertson et al 1986 (nonpiezo)'),
  (1, '8', 0.3, 3.55, 'Robertson et al 1986 (nonpiezo)'),
  (1, '8', 0, 3.1, 'Robertson et al 1986 (nonpiezo)'),
  (1, '8', 0, 7, 'Robertson et al 1986 (nonpiezo)'),
  (1, '8', 0.2, 7.7, 'Robertson et al 1986 (nonpiezo)'),
  (1, '8', 0.4, 8.4, 'Robertson et al 1986 (nonpiezo)'),
  (1, '8', 0.6, 9.4, 'Robertson et al 1986 (nonpiezo)'),
  (1, '8', 0.8, 10.8, 'Robertson et al 1986 (nonpiezo)'),
  (1, '8', 1, 13, 'Robertson et al 1986 (nonpiezo)'),
  (1, '8', 1.2, 16.5, 'Robertson et al 1986 (nonpiezo)'),
  (1, '8', 1.4, 22.3, 'Robertson et al 1986 (nonpiezo)'),
  (1, '8', 1.6, 35, 'Robertson et al 1986 (nonpiezo)'),
  (1, '8', 1.75, 59, 'Robertson et al 1986 (nonpiezo)'),
  (1, '8', 1.82, 90, 'Robertson et al 1986 (nonpiezo)'),
  (1, '8', 1.85, 80, 'Robertson et al 1986 (nonpiezo)'),
  (1, '8', 1.88, 70, 'Robertson et al 1986 (nonpiezo)'),
  (1, '8', 1.93, 60, 'Robertson et al 1986 (nonpiezo)'),
  (1, '8', 2.02, 50, 'Robertson et al 1986 (nonpiezo)'),
  (1, '8', 2.13, 44, 'Robertson et al 1986 (nonpiezo)'),
  (1, '8', 2.2, 41, 'Robertson et al 1986 (nonpiezo)'),
  (1, '8', 2.44, 34.6, 'Robertson et al 1986 (nonpiezo)'),
  (1, '9', 1.82, 100, 'Robertson et al 1986 (nonpiezo)'),
  (1, '9', 1.82, 90, 'Robertson et al 1986 (nonpiezo)'),
  (1, '9', 1.75, 59, 'Robertson et al 1986 (nonpiezo)'),
  (1, '9', 1.6, 35, 'Robertson et al 1986 (nonpiezo)'),
  (1, '9', 1.4, 22.3, 'Robertson et al 1986 (nonpiezo)'),
  (1, '9', 1.2, 16.5, 'Robertson et al 1986 (nonpiezo)'),
  (1, '9', 1, 13, 'Robertson et al 1986 (nonpiezo)'),
  (1, '9', 0.8, 10.8, 'Robertson et al 1986 (nonpiezo)'),
  (1, '9', 0.6, 9.4, 'Robertson et al 1986 (nonpiezo)'),
  (1, '9', 0.4, 8.4, 'Robertson et al 1986 (nonpiezo)'),
  (1, '9', 0.2, 7.7, 'Robertson et al 1986 (nonpiezo)'),
  (1, '9', 0, 7, 'Robertson et al 1986 (nonpiezo)'),
  (1, '9', 0, 17.6, 'Robertson et al 1986 (nonpiezo)'),
  (1, '9', 0.2, 19.6, 'Robertson et al 1986 (nonpiezo)'),
  (1, '9', 0.35, 21.5, 'Robertson et al 1986 (nonpiezo)'),
  (1, '9', 0.5, 24, 'Robertson et al 1986 (nonpiezo)'),
  (1, '9', 0.65, 28, 'Robertson et al 1986 (nonpiezo)'),
  (1, '9', 0.8, 34, 'Robertson et al 1986 (nonpiezo)'),
  (1, '9', 1, 47, 'Robertson et al 1986 (nonpiezo)'),
  (1, '9', 1.1, 60, 'Robertson et al 1986 (nonpiezo)'),
  (1, '9', 1.2, 85, 'Robertson et al 1986 (nonpiezo)'),
  (1, '9', 1.23, 95, 'Robertson et al 1986 (nonpiezo)'),
  (1, '9', 1.236, 100, 'Robertson et al 1986 (nonpiezo)'),
  (1, '9', 1.82, 100, 'Robertson et al 1986 (nonpiezo)'),
  (1, '10', 1.236, 100, 'Robertson et al 1986 (nonpiezo)'),
  (1, '10', 1.23, 95, 'Robertson et al 1986 (nonpiezo)'),
  (1, '10', 1.2, 85, 'Robertson et al 1986 (nonpiezo)'),
  (1, '10', 1.1, 60, 'Robertson et al 1986 (nonpiezo)'),
  (1, '10', 1, 47, 'Robertson et al 1986 (nonpiezo)'),
  (1, '10', 0.8, 34, 'Robertson et al 1986 (nonpiezo)'),
  (1, '10', 0.65, 28, 'Robertson et al 1986 (nonpiezo)'),
  (1, '10', 0.5, 24, 'Robertson et al 1986 (nonpiezo)'),
  (1, '10', 0.35, 21.5, 'Robertson et al 1986 (nonpiezo)'),
  (1, '10', 0.2, 19.6, 'Robertson et al 1986 (nonpiezo)'),
  (1, '10', 0, 17.6, 'Robertson et al 1986 (nonpiezo)'),
  (1, '10', 0, 100, 'Robertson et al 1986 (nonpiezo)'),
  (1, '10', 1.236, 100, 'Robertson et al 1986 (nonpiezo)'),
  (1, '11', 8, 5.5, 'Robertson et al 1986 (nonpiezo)'),
  (1, '11', 4.92, 5.5, 'Robertson et al 1986 (nonpiezo)'),
  (1, '11', 4.63, 7, 'Robertson et al 1986 (nonpiezo)'),
  (1, '11', 3.93, 11.7, 'Robertson et al 1986 (nonpiezo)'),
  (1, '11', 4.62, 47.5, 'Robertson et al 1986 (nonpiezo)'),
  (1, '11', 4.72, 100, 'Robertson et al 1986 (nonpiezo)'),
  (1, '11', 8, 100, 'Robertson et al 1986 (nonpiezo)'),
  (1, '11', 8, 5.5, 'Robertson et al 1986 (nonpiezo)'),
  (1, '12', 4.72, 100, 'Robertson et al 1986 (nonpiezo)'),
  (1, '12', 4.62, 47.5, 'Robertson et al 1986 (nonpiezo)'),
  (1, '12', 3.93, 11.7, 'Robertson et al 1986 (nonpiezo)'),
  (1, '12', 3.26, 19.3, 'Robertson et al 1986 (nonpiezo)'),
  (1, '12', 2.44, 34.6, 'Robertson et al 1986 (nonpiezo)'),
  (1, '12', 2.2, 41, 'Robertson et al 1986 (nonpiezo)'),
  (1, '12', 2.13, 44, 'Robertson et al 1986 (nonpiezo)'),
  (1, '12', 2.02, 50, 'Robertson et al 1986 (nonpiezo)'),
  (1, '12', 1.93, 60, 'Robertson et al 1986 (nonpiezo)'),
  (1, '12', 1.88, 70, 'Robertson et al 1986 (nonpiezo)'),
  (1, '12', 1.85, 80, 'Robertson et al 1986 (nonpiezo)'),
  (1, '12', 1.82, 90, 'Robertson et al 1986 (nonpiezo)'),
  (1, '12', 1.82, 100, 'Robertson et al 1986 (nonpiezo)'),
  (1, '12', 4.72, 100, 'Robertson et al 1986 (nonpiezo)'),

  (1, '1', 0.1, 10, 'Robertson 1990'),
  (1, '1', 0.105, 9.98, 'Robertson 1990'),
  (1, '1', 0.11, 9.95, 'Robertson 1990'),
  (1, '1', 0.12, 9.89, 'Robertson 1990'),
  (1, '1', 0.13, 9.75, 'Robertson 1990'),
  (1, '1', 0.14, 9.67, 'Robertson 1990'),
  (1, '1', 0.15, 9.6, 'Robertson 1990'),
  (1, '1', 0.16, 9.48, 'Robertson 1990'),
  (1, '1', 0.17, 9.36, 'Robertson 1990'),
  (1, '1', 0.18, 9.25, 'Robertson 1990'),
  (1, '1', 0.19, 9.1, 'Robertson 1990'),
  (1, '1', 0.2, 9, 'Robertson 1990'),
  (1, '1', 0.21, 8.9, 'Robertson 1990'),
  (1, '1', 0.23, 8.6, 'Robertson 1990'),
  (1, '1', 0.25, 8.4, 'Robertson 1990'),
  (1, '1', 0.27, 8.2, 'Robertson 1990'),
  (1, '1', 0.29, 8, 'Robertson 1990'),
  (1, '1', 0.31, 7.8, 'Robertson 1990'),
  (1, '1', 0.33, 7.6, 'Robertson 1990'),
  (1, '1', 0.35, 7.4, 'Robertson 1990'),
  (1, '1', 0.37, 7.2, 'Robertson 1990'),
  (1, '1', 0.39, 7, 'Robertson 1990'),
  (1, '1', 0.41, 6.78, 'Robertson 1990'),
  (1, '1', 0.43, 6.6, 'Robertson 1990'),
  (1, '1', 0.45, 6.4, 'Robertson 1990'),
  (1, '1', 0.475, 6.2, 'Robertson 1990'),
  (1, '1', 0.5, 5.98, 'Robertson 1990'),
  (1, '1', 0.525, 5.74, 'Robertson 1990'),
  (1, '1', 0.55, 5.57, 'Robertson 1990'),
  (1, '1', 0.575, 5.4, 'Robertson 1990'),
  (1, '1', 0.6, 5.17, 'Robertson 1990'),
  (1, '1', 0.625, 5.03, 'Robertson 1990'),
  (1, '1', 0.65, 4.86, 'Robertson 1990'),
  (1, '1', 0.675, 4.7, 'Robertson 1990'),
  (1, '1', 0.7, 4.55, 'Robertson 1990'),
  (1, '1', 0.725, 4.4, 'Robertson 1990'),
  (1, '1', 0.75, 4.28, 'Robertson 1990'),
  (1, '1', 0.775, 4.15, 'Robertson 1990'),
  (1, '1', 0.8, 3.97, 'Robertson 1990'),
  (1, '1', 0.825, 3.84, 'Robertson 1990'),
  (1, '1', 0.85, 3.73, 'Robertson 1990'),
  (1, '1', 0.875, 3.62, 'Robertson 1990'),
  (1, '1', 0.9, 3.5, 'Robertson 1990'),
  (1, '1', 0.925, 3.37, 'Robertson 1990'),
  (1, '1', 0.95, 3.24, 'Robertson 1990'),
  (1, '1', 0.975, 3.12, 'Robertson 1990'),
  (1, '1', 1, 3, 'Robertson 1990'),
  (1, '1', 1.025, 2.9, 'Robertson 1990'),
  (1, '1', 1.05, 2.8, 'Robertson 1990'),
  (1, '1', 1.075, 2.68, 'Robertson 1990'),
  (1, '1', 1.1, 2.6, 'Robertson 1990'),
  (1, '1', 1.15, 2.41, 'Robertson 1990'),
  (1, '1', 1.2, 2.2, 'Robertson 1990'),
  (1, '1', 1.25, 2.04, 'Robertson 1990'),
  (1, '1', 1.3, 1.88, 'Robertson 1990'),
  (1, '1', 1.35, 1.76, 'Robertson 1990'),
  (1, '1', 1.4, 1.6, 'Robertson 1990'),
  (1, '1', 1.45, 1.48, 'Robertson 1990'),
  (1, '1', 1.5, 1.37, 'Robertson 1990'),
  (1, '1', 1.55, 1.25, 'Robertson 1990'),
  (1, '1', 1.6, 1.13, 'Robertson 1990'),
  (1, '1', 1.65, 1, 'Robertson 1990'),
  (1, '1', 0.1, 1, 'Robertson 1990'),
  (1, '1', 0.1, 9.85, 'Robertson 1990'),
  (1, '2', 1.65, 1, 'Robertson 1990'),
  (1, '2', 1.62, 1.07, 'Robertson 1990'),
  (1, '2', 1.7, 1.1, 'Robertson 1990'),
  (1, '2', 1.8, 1.13, 'Robertson 1990'),
  (1, '2', 1.9, 1.16, 'Robertson 1990'),
  (1, '2', 2, 1.2, 'Robertson 1990'),
  (1, '2', 2.2, 1.26, 'Robertson 1990'),
  (1, '2', 2.4, 1.33, 'Robertson 1990'),
  (1, '2', 2.6, 1.39, 'Robertson 1990'),
  (1, '2', 2.8, 1.45, 'Robertson 1990'),
  (1, '2', 3, 1.54, 'Robertson 1990'),
  (1, '2', 3.3, 1.62, 'Robertson 1990'),
  (1, '2', 3.65, 1.76, 'Robertson 1990'),
  (1, '2', 4, 1.88, 'Robertson 1990'),
  (1, '2', 4.4, 2.02, 'Robertson 1990'),
  (1, '2', 4.6, 2.13, 'Robertson 1990'),
  (1, '2', 4.8, 2.23, 'Robertson 1990'),
  (1, '2', 5, 2.34, 'Robertson 1990'),
  (1, '2', 5.5, 2.68, 'Robertson 1990'),
  (1, '2', 6, 3, 'Robertson 1990'),
  (1, '2', 6.5, 3.4, 'Robertson 1990'),
  (1, '2', 7, 3.8, 'Robertson 1990'),
  (1, '2', 7.5, 4.215, 'Robertson 1990'),
  (1, '2', 8, 4.6, 'Robertson 1990'),
  (1, '2', 8.5, 5.1, 'Robertson 1990'),
  (1, '2', 9, 5.6, 'Robertson 1990'),
  (1, '2', 9.5, 6.3, 'Robertson 1990'),
  (1, '2', 10, 7.1, 'Robertson 1990'),
  (1, '2', 10, 1, 'Robertson 1990'),
  (1, '2', 1.65, 1, 'Robertson 1990'),
  (1, '3', 1.62, 1.07, 'Robertson 1990'),
  (1, '3', 1.6, 1.13, 'Robertson 1990'),
  (1, '3', 1.55, 1.25, 'Robertson 1990'),
  (1, '3', 1.5, 1.37, 'Robertson 1990'),
  (1, '3', 1.45, 1.48, 'Robertson 1990'),
  (1, '3', 1.4, 1.6, 'Robertson 1990'),
  (1, '3', 1.35, 1.76, 'Robertson 1990'),
  (1, '3', 1.3, 1.88, 'Robertson 1990'),
  (1, '3', 1.25, 2.04, 'Robertson 1990'),
  (1, '3', 1.2, 2.2, 'Robertson 1990'),
  (1, '3', 1.15, 2.41, 'Robertson 1990'),
  (1, '3', 1.1, 2.6, 'Robertson 1990'),
  (1, '3', 1.075, 2.68, 'Robertson 1990'),
  (1, '3', 1.05, 2.8, 'Robertson 1990'),
  (1, '3', 1.025, 2.9, 'Robertson 1990'),
  (1, '3', 1, 3, 'Robertson 1990'),
  (1, '3', 0.975, 3.12, 'Robertson 1990'),
  (1, '3', 0.95, 3.24, 'Robertson 1990'),
  (1, '3', 0.925, 3.37, 'Robertson 1990'),
  (1, '3', 0.9, 3.5, 'Robertson 1990'),
  (1, '3', 0.875, 3.62, 'Robertson 1990'),
  (1, '3', 0.85, 3.73, 'Robertson 1990'),
  (1, '3', 0.825, 3.84, 'Robertson 1990'),
  (1, '3', 0.8, 3.97, 'Robertson 1990'),
  (1, '3', 0.775, 4.15, 'Robertson 1990'),
  (1, '3', 0.75, 4.28, 'Robertson 1990'),
  (1, '3', 0.725, 4.4, 'Robertson 1990'),
  (1, '3', 0.7, 4.55, 'Robertson 1990'),
  (1, '3', 0.675, 4.7, 'Robertson 1990'),
  (1, '3', 0.8, 5.03, 'Robertson 1990'),
  (1, '3', 0.9, 5.32, 'Robertson 1990'),
  (1, '3', 1, 5.63, 'Robertson 1990'),
  (1, '3', 1.2, 6.35, 'Robertson 1990'),
  (1, '3', 1.4, 7.1, 'Robertson 1990'),
  (1, '3', 1.7, 8.25, 'Robertson 1990'),
  (1, '3', 2, 9.6, 'Robertson 1990'),
  (1, '3', 2.2, 10.4, 'Robertson 1990'),
  (1, '3', 2.6, 12.4, 'Robertson 1990'),
  (1, '3', 3, 14.8, 'Robertson 1990'),
  (1, '3', 3.2, 16, 'Robertson 1990'),
  (1, '3', 3.7, 20, 'Robertson 1990'),
  (1, '3', 4, 22.8, 'Robertson 1990'),
  (1, '3', 4.5, 27.5, 'Robertson 1990'),
  (1, '3', 5, 34, 'Robertson 1990'),
  (1, '3', 5.5, 43, 'Robertson 1990'),
  (1, '3', 6, 61, 'Robertson 1990'),
  (1, '3', 6.3, 59.7, 'Robertson 1990'),
  (1, '3', 6.6, 58, 'Robertson 1990'),
  (1, '3', 7, 57, 'Robertson 1990'),
  (1, '3', 8, 54.33, 'Robertson 1990'),
  (1, '3', 9, 53.45, 'Robertson 1990'),
  (1, '3', 9.5, 53.45, 'Robertson 1990'),
  (1, '3', 10, 53.45, 'Robertson 1990'),
  (1, '3', 10, 7.1, 'Robertson 1990'),
  (1, '3', 9.5, 6.3, 'Robertson 1990'),
  (1, '3', 9, 5.6, 'Robertson 1990'),
  (1, '3', 8.5, 5.1, 'Robertson 1990'),
  (1, '3', 8, 4.6, 'Robertson 1990'),
  (1, '3', 7.5, 4.215, 'Robertson 1990'),
  (1, '3', 7, 3.8, 'Robertson 1990'),
  (1, '3', 6.5, 3.4, 'Robertson 1990'),
  (1, '3', 6, 3, 'Robertson 1990'),
  (1, '3', 5.5, 2.68, 'Robertson 1990'),
  (1, '3', 5, 2.34, 'Robertson 1990'),
  (1, '3', 4.8, 2.23, 'Robertson 1990'),
  (1, '3', 4.6, 2.13, 'Robertson 1990'),
  (1, '3', 4.4, 2.02, 'Robertson 1990'),
  (1, '3', 4, 1.88, 'Robertson 1990'),
  (1, '3', 3.65, 1.76, 'Robertson 1990'),
  (1, '3', 3.3, 1.62, 'Robertson 1990'),
  (1, '3', 3, 1.54, 'Robertson 1990'),
  (1, '3', 2.8, 1.45, 'Robertson 1990'),
  (1, '3', 2.6, 1.39, 'Robertson 1990'),
  (1, '3', 2.4, 1.33, 'Robertson 1990'),
  (1, '3', 2.2, 1.26, 'Robertson 1990'),
  (1, '3', 2, 1.2, 'Robertson 1990'),
  (1, '3', 1.9, 1.16, 'Robertson 1990'),
  (1, '3', 1.8, 1.13, 'Robertson 1990'),
  (1, '3', 1.7, 1.1, 'Robertson 1990'),
  (1, '3', 1.62, 1.07, 'Robertson 1990'),
  (1, '4', 6, 61, 'Robertson 1990'),
  (1, '4', 5.5, 43, 'Robertson 1990'),
  (1, '4', 5, 34, 'Robertson 1990'),
  (1, '4', 4.5, 27.5, 'Robertson 1990'),
  (1, '4', 4, 22.8, 'Robertson 1990'),
  (1, '4', 3.7, 20, 'Robertson 1990'),
  (1, '4', 3.2, 16, 'Robertson 1990'),
  (1, '4', 3, 14.8, 'Robertson 1990'),
  (1, '4', 2.6, 12.4, 'Robertson 1990'),
  (1, '4', 2.2, 10.4, 'Robertson 1990'),
  (1, '4', 2, 9.6, 'Robertson 1990'),
  (1, '4', 1.7, 8.25, 'Robertson 1990'),
  (1, '4', 1.4, 7.1, 'Robertson 1990'),
  (1, '4', 1.2, 6.35, 'Robertson 1990'),
  (1, '4', 1, 5.63, 'Robertson 1990'),
  (1, '4', 0.9, 5.32, 'Robertson 1990'),
  (1, '4', 0.8, 5.03, 'Robertson 1990'),
  (1, '4', 0.675, 4.7, 'Robertson 1990'),
  (1, '4', 0.65, 4.86, 'Robertson 1990'),
  (1, '4', 0.625, 5.03, 'Robertson 1990'),
  (1, '4', 0.6, 5.17, 'Robertson 1990'),
  (1, '4', 0.575, 5.4, 'Robertson 1990'),
  (1, '4', 0.55, 5.57, 'Robertson 1990'),
  (1, '4', 0.525, 5.74, 'Robertson 1990'),
  (1, '4', 0.5, 5.98, 'Robertson 1990'),
  (1, '4', 0.475, 6.2, 'Robertson 1990'),
  (1, '4', 0.45, 6.4, 'Robertson 1990'),
  (1, '4', 0.43, 6.6, 'Robertson 1990'),
  (1, '4', 0.41, 6.78, 'Robertson 1990'),
  (1, '4', 0.39, 7, 'Robertson 1990'),
  (1, '4', 0.37, 7.2, 'Robertson 1990'),
  (1, '4', 0.35, 7.4, 'Robertson 1990'),
  (1, '4', 0.33, 7.6, 'Robertson 1990'),
  (1, '4', 0.31, 7.8, 'Robertson 1990'),
  (1, '4', 0.29, 8, 'Robertson 1990'),
  (1, '4', 0.27, 8.2, 'Robertson 1990'),
  (1, '4', 0.3, 8.55, 'Robertson 1990'),
  (1, '4', 0.35, 9, 'Robertson 1990'),
  (1, '4', 0.4, 9.5, 'Robertson 1990'),
  (1, '4', 0.45, 10, 'Robertson 1990'),
  (1, '4', 0.5, 10.6, 'Robertson 1990'),
  (1, '4', 0.55, 11.2, 'Robertson 1990'),
  (1, '4', 0.6, 11.8, 'Robertson 1990'),
  (1, '4', 0.65, 12.3, 'Robertson 1990'),
  (1, '4', 0.7, 12.9, 'Robertson 1990'),
  (1, '4', 0.8, 14, 'Robertson 1990'),
  (1, '4', 0.9, 15.11, 'Robertson 1990'),
  (1, '4', 1, 16.5, 'Robertson 1990'),
  (1, '4', 1.2, 18.7, 'Robertson 1990'),
  (1, '4', 1.4, 21.3, 'Robertson 1990'),
  (1, '4', 1.6, 23.76840287, 'Robertson 1990'),
  (1, '4', 1.8, 26.7, 'Robertson 1990'),
  (1, '4', 2.037, 29.7, 'Robertson 1990'),
  (1, '4', 2.2, 32.4, 'Robertson 1990'),
  (1, '4', 2.42, 36.73, 'Robertson 1990'),
  (1, '4', 2.6, 41, 'Robertson 1990'),
  (1, '4', 2.8, 46, 'Robertson 1990'),
  (1, '4', 3, 53, 'Robertson 1990'),
  (1, '4', 3.22, 61, 'Robertson 1990'),
  (1, '4', 3.4, 70, 'Robertson 1990'),
  (1, '4', 3.622, 84, 'Robertson 1990'),
  (1, '4', 3.81, 97.5, 'Robertson 1990'),
  (1, '4', 4, 89, 'Robertson 1990'),
  (1, '4', 4.5, 78, 'Robertson 1990'),
  (1, '4', 5, 70, 'Robertson 1990'),
  (1, '4', 5.5, 65, 'Robertson 1990'),
  (1, '4', 6, 61, 'Robertson 1990'),
  (1, '5', 3.81, 97.5, 'Robertson 1990'),
  (1, '5', 3.622, 84, 'Robertson 1990'),
  (1, '5', 3.4, 70, 'Robertson 1990'),
  (1, '5', 3.22, 61, 'Robertson 1990'),
  (1, '5', 3, 53, 'Robertson 1990'),
  (1, '5', 2.8, 46, 'Robertson 1990'),
  (1, '5', 2.6, 41, 'Robertson 1990'),
  (1, '5', 2.42, 36.73, 'Robertson 1990'),
  (1, '5', 2.2, 32.4, 'Robertson 1990'),
  (1, '5', 2.037, 29.7, 'Robertson 1990'),
  (1, '5', 1.8, 26.7, 'Robertson 1990'),
  (1, '5', 1.6, 23.76840287, 'Robertson 1990'),
  (1, '5', 1.4, 21.3, 'Robertson 1990'),
  (1, '5', 1.2, 18.7, 'Robertson 1990'),
  (1, '5', 1, 16.5, 'Robertson 1990'),
  (1, '5', 0.9, 15.11, 'Robertson 1990'),
  (1, '5', 0.8, 14, 'Robertson 1990'),
  (1, '5', 0.7, 12.9, 'Robertson 1990'),
  (1, '5', 0.65, 12.3, 'Robertson 1990'),
  (1, '5', 0.6, 11.8, 'Robertson 1990'),
  (1, '5', 0.55, 11.2, 'Robertson 1990'),
  (1, '5', 0.5, 10.6, 'Robertson 1990'),
  (1, '5', 0.45, 10, 'Robertson 1990'),
  (1, '5', 0.4, 9.5, 'Robertson 1990'),
  (1, '5', 0.35, 9, 'Robertson 1990'),
  (1, '5', 0.3, 8.55, 'Robertson 1990'),
  (1, '5', 0.27, 8.2, 'Robertson 1990'),
  (1, '5', 0.25, 8.4, 'Robertson 1990'),
  (1, '5', 0.23, 8.6, 'Robertson 1990'),
  (1, '5', 0.21, 8.9, 'Robertson 1990'),
  (1, '5', 0.2, 9, 'Robertson 1990'),
  (1, '5', 0.19, 9.1, 'Robertson 1990'),
  (1, '5', 0.18, 9.25, 'Robertson 1990'),
  (1, '5', 0.17, 9.36, 'Robertson 1990'),
  (1, '5', 0.16, 9.48, 'Robertson 1990'),
  (1, '5', 0.15, 9.6, 'Robertson 1990'),
  (1, '5', 0.14, 9.67, 'Robertson 1990'),
  (1, '5', 0.13, 9.75, 'Robertson 1990'),
  (1, '5', 0.12, 9.89, 'Robertson 1990'),
  (1, '5', 0.11, 9.95, 'Robertson 1990'),
  (1, '5', 0.105, 9.98, 'Robertson 1990'),
  (1, '5', 0.1, 10, 'Robertson 1990'),
  (1, '5', 0.1, 27.5, 'Robertson 1990'),
  (1, '5', 0.12, 27.8, 'Robertson 1990'),
  (1, '5', 0.14, 28.4, 'Robertson 1990'),
  (1, '5', 0.16, 28.85, 'Robertson 1990'),
  (1, '5', 0.18, 29.2, 'Robertson 1990'),
  (1, '5', 0.2, 29.9, 'Robertson 1990'),
  (1, '5', 0.225, 30.6, 'Robertson 1990'),
  (1, '5', 0.25, 31.4, 'Robertson 1990'),
  (1, '5', 0.275, 32, 'Robertson 1990'),
  (1, '5', 0.3, 33.1, 'Robertson 1990'),
  (1, '5', 0.325, 34, 'Robertson 1990'),
  (1, '5', 0.35, 35, 'Robertson 1990'),
  (1, '5', 0.375, 35.9, 'Robertson 1990'),
  (1, '5', 0.4, 36.4, 'Robertson 1990'),
  (1, '5', 0.425, 37.2, 'Robertson 1990'),
  (1, '5', 0.45, 38.3, 'Robertson 1990'),
  (1, '5', 0.475, 39.5, 'Robertson 1990'),
  (1, '5', 0.5, 40.4, 'Robertson 1990'),
  (1, '5', 0.535, 42, 'Robertson 1990'),
  (1, '5', 0.57, 43.7, 'Robertson 1990'),
  (1, '5', 0.6, 44.8, 'Robertson 1990'),
  (1, '5', 0.635, 46, 'Robertson 1990'),
  (1, '5', 0.67, 47.5, 'Robertson 1990'),
  (1, '5', 0.7, 49.2, 'Robertson 1990'),
  (1, '5', 0.735, 50.6, 'Robertson 1990'),
  (1, '5', 0.77, 51.8, 'Robertson 1990'),
  (1, '5', 0.8, 53, 'Robertson 1990'),
  (1, '5', 0.9, 58.7, 'Robertson 1990'),
  (1, '5', 1, 64, 'Robertson 1990'),
  (1, '5', 1.1, 70, 'Robertson 1990'),
  (1, '5', 1.2, 76.5, 'Robertson 1990'),
  (1, '5', 1.4, 91, 'Robertson 1990'),
  (1, '5', 1.6, 107, 'Robertson 1990'),
  (1, '5', 1.8, 128, 'Robertson 1990'),
  (1, '5', 2.05, 159, 'Robertson 1990'),
  (1, '5', 2.25, 193, 'Robertson 1990'),
  (1, '5', 2.4, 217, 'Robertson 1990'),
  (1, '5', 2.5, 197, 'Robertson 1990'),
  (1, '5', 2.6, 183, 'Robertson 1990'),
  (1, '5', 2.7, 170, 'Robertson 1990'),
  (1, '5', 2.8, 160, 'Robertson 1990'),
  (1, '5', 2.9, 149, 'Robertson 1990'),
  (1, '5', 3, 139, 'Robertson 1990'),
  (1, '5', 3.1, 130, 'Robertson 1990'),
  (1, '5', 3.2, 124, 'Robertson 1990'),
  (1, '5', 3.3, 118.3, 'Robertson 1990'),
  (1, '5', 3.4, 114.02, 'Robertson 1990'),
  (1, '5', 3.6, 105, 'Robertson 1990'),
  (1, '5', 3.81, 97.5, 'Robertson 1990'),
  (1, '6', 2.4, 217, 'Robertson 1990'),
  (1, '6', 2.25, 193, 'Robertson 1990'),
  (1, '6', 2.05, 159, 'Robertson 1990'),
  (1, '6', 1.8, 128, 'Robertson 1990'),
  (1, '6', 1.6, 107, 'Robertson 1990'),
  (1, '6', 1.4, 91, 'Robertson 1990'),
  (1, '6', 1.2, 76.5, 'Robertson 1990'),
  (1, '6', 1.1, 70, 'Robertson 1990'),
  (1, '6', 1, 64, 'Robertson 1990'),
  (1, '6', 0.9, 58.7, 'Robertson 1990'),
  (1, '6', 0.8, 53, 'Robertson 1990'),
  (1, '6', 0.77, 51.8, 'Robertson 1990'),
  (1, '6', 0.735, 50.6, 'Robertson 1990'),
  (1, '6', 0.7, 49.2, 'Robertson 1990'),
  (1, '6', 0.67, 47.5, 'Robertson 1990'),
  (1, '6', 0.635, 46, 'Robertson 1990'),
  (1, '6', 0.6, 44.8, 'Robertson 1990'),
  (1, '6', 0.57, 43.7, 'Robertson 1990'),
  (1, '6', 0.535, 42, 'Robertson 1990'),
  (1, '6', 0.5, 40.4, 'Robertson 1990'),
  (1, '6', 0.475, 39.5, 'Robertson 1990'),
  (1, '6', 0.45, 38.3, 'Robertson 1990'),
  (1, '6', 0.425, 37.2, 'Robertson 1990'),
  (1, '6', 0.4, 36.4, 'Robertson 1990'),
  (1, '6', 0.375, 35.9, 'Robertson 1990'),
  (1, '6', 0.35, 35, 'Robertson 1990'),
  (1, '6', 0.325, 34, 'Robertson 1990'),
  (1, '6', 0.3, 33.1, 'Robertson 1990'),
  (1, '6', 0.275, 32, 'Robertson 1990'),
  (1, '6', 0.25, 31.4, 'Robertson 1990'),
  (1, '6', 0.225, 30.6, 'Robertson 1990'),
  (1, '6', 0.2, 29.9, 'Robertson 1990'),
  (1, '6', 0.18, 29.2, 'Robertson 1990'),
  (1, '6', 0.16, 28.85, 'Robertson 1990'),
  (1, '6', 0.14, 28.4, 'Robertson 1990'),
  (1, '6', 0.12, 27.8, 'Robertson 1990'),
  (1, '6', 0.1, 27.5, 'Robertson 1990'),
  (1, '6', 0.1, 155, 'Robertson 1990'),
  (1, '6', 0.15, 170, 'Robertson 1990'),
  (1, '6', 0.2, 188, 'Robertson 1990'),
  (1, '6', 0.23, 202, 'Robertson 1990'),
  (1, '6', 0.26, 214, 'Robertson 1990'),
  (1, '6', 0.3, 231, 'Robertson 1990'),
  (1, '6', 0.35, 256, 'Robertson 1990'),
  (1, '6', 0.4, 280, 'Robertson 1990'),
  (1, '6', 0.5, 337, 'Robertson 1990'),
  (1, '6', 0.6, 400, 'Robertson 1990'),
  (1, '6', 0.7, 494, 'Robertson 1990'),
  (1, '6', 0.8, 620, 'Robertson 1990'),
  (1, '6', 0.9, 810, 'Robertson 1990'),
  (1, '6', 1, 1000, 'Robertson 1990'),
  (1, '6', 1.35, 1000, 'Robertson 1990'),
  (1, '6', 1.5, 730, 'Robertson 1990'),
  (1, '6', 1.6, 599, 'Robertson 1990'),
  (1, '6', 1.75, 460, 'Robertson 1990'),
  (1, '6', 2, 325, 'Robertson 1990'),
  (1, '6', 2.2, 267, 'Robertson 1990'),
  (1, '6', 2.4, 217, 'Robertson 1990'),
  (1, '7', 1, 1000, 'Robertson 1990'),
  (1, '7', 0.9, 810, 'Robertson 1990'),
  (1, '7', 0.8, 620, 'Robertson 1990'),
  (1, '7', 0.7, 494, 'Robertson 1990'),
  (1, '7', 0.6, 400, 'Robertson 1990'),
  (1, '7', 0.5, 337, 'Robertson 1990'),
  (1, '7', 0.4, 280, 'Robertson 1990'),
  (1, '7', 0.35, 256, 'Robertson 1990'),
  (1, '7', 0.3, 231, 'Robertson 1990'),
  (1, '7', 0.26, 214, 'Robertson 1990'),
  (1, '7', 0.23, 202, 'Robertson 1990'),
  (1, '7', 0.2, 188, 'Robertson 1990'),
  (1, '7', 0.15, 170, 'Robertson 1990'),
  (1, '7', 0.1, 155, 'Robertson 1990'),
  (1, '7', 0.1, 1000, 'Robertson 1990'),
  (1, '7', 1, 1000, 'Robertson 1990'),
  (1, '8', 5, 1000, 'Robertson 1990'),
  (1, '8', 5, 700, 'Robertson 1990'),
  (1, '8', 4.95, 600, 'Robertson 1990'),
  (1, '8', 4.9, 500, 'Robertson 1990'),
  (1, '8', 4.8, 400, 'Robertson 1990'),
  (1, '8', 4.64, 300, 'Robertson 1990'),
  (1, '8', 4.45, 200, 'Robertson 1990'),
  (1, '8', 4.33, 170, 'Robertson 1990'),
  (1, '8', 4.19, 140, 'Robertson 1990'),
  (1, '8', 4.02, 120, 'Robertson 1990'),
  (1, '8', 3.81, 97.5, 'Robertson 1990'),
  (1, '8', 3.6, 105, 'Robertson 1990'),
  (1, '8', 3.4, 114.02, 'Robertson 1990'),
  (1, '8', 3.3, 118.3, 'Robertson 1990'),
  (1, '8', 3.2, 124, 'Robertson 1990'),
  (1, '8', 3.1, 130, 'Robertson 1990'),
  (1, '8', 3, 139, 'Robertson 1990'),
  (1, '8', 2.9, 149, 'Robertson 1990'),
  (1, '8', 2.8, 160, 'Robertson 1990'),
  (1, '8', 2.7, 170, 'Robertson 1990'),
  (1, '8', 2.6, 183, 'Robertson 1990'),
  (1, '8', 2.5, 197, 'Robertson 1990'),
  (1, '8', 2.4, 217, 'Robertson 1990'),
  (1, '8', 2.2, 267, 'Robertson 1990'),
  (1, '8', 2, 325, 'Robertson 1990'),
  (1, '8', 1.75, 460, 'Robertson 1990'),
  (1, '8', 1.6, 599, 'Robertson 1990'),
  (1, '8', 1.5, 730, 'Robertson 1990'),
  (1, '8', 1.35, 1000, 'Robertson 1990'),
  (1, '8', 5, 1000, 'Robertson 1990'),
  (1, '9', 10, 53.45, 'Robertson 1990'),
  (1, '9', 9.5, 53.45, 'Robertson 1990'),
  (1, '9', 9, 53.45, 'Robertson 1990'),
  (1, '9', 8, 54.33, 'Robertson 1990'),
  (1, '9', 7, 57, 'Robertson 1990'),
  (1, '9', 6.6, 58, 'Robertson 1990'),
  (1, '9', 6.3, 59.7, 'Robertson 1990'),
  (1, '9', 6, 61, 'Robertson 1990'),
  (1, '9', 5.5, 65, 'Robertson 1990'),
  (1, '9', 5, 70, 'Robertson 1990'),
  (1, '9', 4.5, 78, 'Robertson 1990'),
  (1, '9', 4, 89, 'Robertson 1990'),
  (1, '9', 3.81, 97.5, 'Robertson 1990'),
  (1, '9', 4.02, 120, 'Robertson 1990'),
  (1, '9', 4.19, 140, 'Robertson 1990'),
  (1, '9', 4.33, 170, 'Robertson 1990'),
  (1, '9', 4.45, 200, 'Robertson 1990'),
  (1, '9', 4.64, 300, 'Robertson 1990'),
  (1, '9', 4.8, 400, 'Robertson 1990'),
  (1, '9', 4.9, 500, 'Robertson 1990'),
  (1, '9', 4.95, 600, 'Robertson 1990'),
  (1, '9', 5, 700, 'Robertson 1990'),
  (1, '9', 5, 1000, 'Robertson 1990'),
  (1, '9', 10, 1000, 'Robertson 1990'),
  (1, '9', 10, 53.45, 'Robertson 1990'),

  (2, '1', 0.82, 1, 'Robertson 1990'),
  (2, '1', 1.4, 11, 'Robertson 1990'),
  (2, '1', 1.4, 1, 'Robertson 1990'),
  (2, '1', 0.82, 1, 'Robertson 1990'),
  (2, '2', 0.82, 1, 'Robertson 1990'),
  (2, '2', 0.555, 2.62, 'Robertson 1990'),
  (2, '2', 0.16, 1, 'Robertson 1990'),
  (2, '2', 0.82, 1, 'Robertson 1990'),
  (2, '3', 1.4, 11, 'Robertson 1990'),
  (2, '3', 0.82, 1, 'Robertson 1990'),
  (2, '3', 0.555, 2.62, 'Robertson 1990'),
  (2, '3', 0.16, 1, 'Robertson 1990'),
  (2, '3', -0.552, 19.3, 'Robertson 1990'),
  (2, '3', -0.395, 64.5, 'Robertson 1990'),
  (2, '3', 0, 5, 'Robertson 1990'),
  (2, '3', 0.605, 49, 'Robertson 1990'),
  (2, '3', 1.4, 11, 'Robertson 1990'),
  (2, '4', -0.395, 64.5, 'Robertson 1990'),
  (2, '4', 0, 5, 'Robertson 1990'),
  (2, '4', 0.605, 49, 'Robertson 1990'),
  (2, '4', 0.425, 68, 'Robertson 1990'),
  (2, '4', 0, 11.3, 'Robertson 1990'),
  (2, '4', -0.312, 122, 'Robertson 1990'),
  (2, '4', -0.395, 64.5, 'Robertson 1990'),
  (2, '5', 0.425, 68, 'Robertson 1990'),
  (2, '5', 0, 11.3, 'Robertson 1990'),
  (2, '5', -0.312, 122, 'Robertson 1990'),
  (2, '5', -0.246, 196, 'Robertson 1990'),
  (2, '5', 0, 30, 'Robertson 1990'),
  (2, '5', 0.23, 97, 'Robertson 1990'),
  (2, '5', 0.425, 68, 'Robertson 1990'),
  (2, '6', 0.23, 97, 'Robertson 1990'),
  (2, '6', 0, 30, 'Robertson 1990'),
  (2, '6', -0.246, 196, 'Robertson 1990'),
  (2, '6', -0.157, 398, 'Robertson 1990'),
  (2, '6', 0, 175, 'Robertson 1990'),
  (2, '6', 0.135, 295, 'Robertson 1990'),
  (2, '6', 0.175, 110, 'Robertson 1990'),
  (2, '6', 0.23, 97, 'Robertson 1990'),
  (2, '7', 0.135, 295, 'Robertson 1990'),
  (2, '7', 0, 175, 'Robertson 1990'),
  (2, '7', -0.157, 398, 'Robertson 1990'),
  (2, '7', -0.037, 1000, 'Robertson 1990'),
  (2, '7', 0.085, 1000, 'Robertson 1990'),
  (2, '7', 0.135, 295, 'Robertson 1990');